Rank,Name,Industry,Revenue (USD millions),Revenue growth,Employees,Headquarters
1,Walmart,Retail,680985.0,5.1,2100000.0,"Bentonville, Arkansas"
2,Amazon,Retail and cloud computing,637959.0,11.0,1556000.0,"Seattle, Washington"
3,UnitedHealth Group,Healthcare,400278.0,7.7,400000.0,"Minnetonka, Minnesota"
4,Apple,Technology,391035.0,2.0,164000.0,"Cupertino, California"
5,CVS Health,Healthcare,372809.0,4.2,259500.0,"Woonsocket, Rhode Island"
6,Berkshire Hathaway,Conglomerate,371433.0,1.9,392400.0,"Omaha, Nebraska"
7,Alphabet,Technology and cloud computing,350018.0,13.9,183323.0,"Mountain View, California"
8,Exxon Mobil,Petroleum,349595.0,1.5,60900.0,"Spring, Texas"
9,McKesson Corporation,Healthcare,308951.0,11.7,48000.0,"Irving, Texas"
10,Cencora,Pharmacy wholesale,293959.0,12.1,44000.0,"Conshohocken, Pennsylvania"
11,JPMorgan Chase,Financials,278906.0,16.5,317233.0,"New York City, New York"
12,Costco Wholesale,Retail,254453.0,5.0,333000.0,"Issaquah, Washington"
13,Cigna,Health insurance,247121.0,26.6,72398.0,"Bloomfield, Connecticut"
14,Microsoft,Technology and cloud computing,245122.0,15.7,228000.0,"Redmond, Washington"
15,Cardinal Health,Healthcare,226827.0,10.6,48411.0,"Dublin, Ohio"
16,Chevron,Petroleum,202792.0,0.9,45298.0,"Houston, Texas"
17,Bank of America,Financials,192434.0,11.9,213193.0,"Charlotte, North Carolina"
18,General Motors,Automotive,187442.0,9.1,162000.0,"Detroit, Michigan"
19,Ford Motor,Automotive,184992.0,5.0,171000.0,"Dearborn, Michigan"
20,Elevance Health,Healthcare,177011.0,3.3,103679.0,"Indianapolis, Indiana"
21,Citigroup,Financials,170757.0,8.9,227855.0,"New York City, New York"
22,Meta Platforms,Technology,164501.0,21.9,74067.0,"Menlo Park, California"
23,Centene,Healthcare,163071.0,5.9,60500.0,"St. Louis, Missouri"
24,The Home Depot,Retail,159514.0,4.5,470100.0,"Atlanta, Georgia"
25,Fannie Mae,Financials,152670.0,8.1,8200.0,"Washington, D.C."
26,Walgreens Boots Alliance,Pharmaceutical,147658.0,6.2,252500.0,"Deerfield, Illinois"
27,Kroger,Retail,147123.0,-1.9,409000.0,"Cincinnati, Ohio"
28,Phillips 66,Petroleum,145496.0,-2.9,13200.0,"Houston, Texas"
29,Marathon Petroleum,Petroleum,140412.0,-6.6,18300.0,"Findlay, Ohio"
30,Verizon Communications,Telecommunications,134788.0,0.6,99600.0,"New York City, New York"
31,Nvidia,Technology,130497.0,114.2,36000.0,"Santa Clara, California"
32,Goldman Sachs Group,Financials,126853.0,17.0,46500.0,"New York City, New York"
33,Wells Fargo,Financials,125397.0,8.7,217502.0,"San Francisco, California"
34,Valero Energy,Petroleum,123974.0,-10.8,9910.0,"San Antonio, Texas"
35,Comcast,Telecommunications,123731.0,1.8,182000.0,"Philadelphia, Pennsylvania"
36,State Farm Insurance,Financials,122951.0,18.0,67381.0,"Bloomington, Illinois"
37,AT&T,Conglomerate and telecommunications,122336.0,-0.1,140990.0,"Dallas, Texas"
38,Freddie Mac,Financials,122052.0,13.0,8090.0,"McLean, Virginia"
39,Humana,Health insurance,117761.0,10.7,65680.0,"Louisville, Kentucky"
40,Morgan Stanley,Financials,107285.0,11.5,80478.0,"New York City, New York"
41,Target,Retail,106566.0,-0.8,440000.0,"Minneapolis, Minnesota"
42,StoneX Group,Financials,99888.0,64.1,4500.0,"New York City, New York"
43,Tesla,Automotive and energy,97690.0,0.9,125665.0,"Austin, Texas"
44,Dell Technologies,Technology,95567.0,8.1,108000.0,"Round Rock, Texas"
45,PepsiCo,Beverage,91854.0,0.4,319000.0,"Purchase, New York"
46,Walt Disney,Media,91361.0,2.8,205040.0,"Burbank, California"
47,United Parcel Service,Transportation,91070.0,0.1,372180.0,"Atlanta, Georgia"
48,Johnson & Johnson,Pharmaceutical,88821.0,-6.7,138100.0,"New Brunswick, New Jersey"
49,FedEx,Transportation,87693.0,-2.7,422100.0,"Memphis, Tennessee"
50,Archer Daniels Midland,Food industry,85530.0,-8.9,43213.0,"Chicago, Illinois"
51,Procter & Gamble,Consumer products manufacturing,84039.0,2.5,108000.0,"Cincinnati, Ohio"
52,Lowe's,Retail,83674.0,-3.1,215500.0,"Mooresville, North Carolina"
53,Energy Transfer Partners,Petroleum,82671.0,5.2,16248.0,"Dallas, Texas"
54,RTX,Aerospace and defense,80739.0,17.1,186000.0,"Arlington County, Virginia"
55,Albertsons,Retail,79238.0,2.0,196650.0,"Boise, Idaho"
56,Sysco,Food processing,78844.0,3.3,76000.0,"Houston, Texas"
57,Progressive,Insurance,75372.0,21.4,66308.0,"Mayfield Village, Ohio"
58,American Express,Financials,74201.0,10.1,75100.0,"New York City, New York"
59,Lockheed Martin,Aerospace and defense,71043.0,5.1,121000.0,"Bethesda, Maryland"
60,MetLife,Financials,70986.0,6.1,45000.0,"New York City, New York"
61,HCA Healthcare,Healthcare,70603.0,8.7,271000.0,"Nashville, Tennessee"
62,Prudential Financial,Financials,70405.0,30.4,37936.0,"Newark, New Jersey"
63,Boeing,Aerospace and defense,66517.0,-14.5,172000.0,"Arlington County, Virginia"
64,Caterpillar,Machinery,64809.0,-3.4,112900.0,"Irving, Texas"
65,Merck,Pharmaceutical industry,64168.0,6.7,74000.0,"Kenilworth, New Jersey"
66,Allstate,Insurance,64106.0,12.3,55200.0,"Northfield Township, Illinois"
67,Pfizer,Pharmaceutical industry,63627.0,8.8,81000.0,"New York City, New York"
68,IBM,Technology and cloud computing,62753.0,1.4,284500.0,"Armonk, New York"
69,New York Life Insurance Company,Insurance,62639.0,15.3,15131.0,"New York City, New York"
70,Delta Air Lines,Airline,61643.0,6.2,103000.0,"Atlanta, Georgia"
71,Publix Super Markets,Retail,60177.0,4.6,255000.0,"Lakeland, Florida"
72,Nationwide Mutual Insurance Company,Financials,58646.0,7.4,22453.0,"Columbus, Ohio"
73,TD Synnex,Information Technology,58452.0,1.6,25750.0,"Clearwater, Florida"
74,United Airlines Holdings,Airline,57063.0,6.2,107300.0,"Chicago, Illinois"
75,ConocoPhillips,Petroleum,56953.0,-2.8,11800.0,"Houston, Texas"
76,TJX,Retail,56360.0,4.0,364000.0,"Framingham, Massachusetts"
77,AbbVie,Pharmaceutical,56334.0,3.7,55000.0,"Lake Bluff, Illinois"
78,Enterprise Products Partners,Petroleum,56219.0,13.1,7800.0,"Houston, Texas"
79,Charter Communications,Telecommunications,55085.0,0.9,94500.0,"Stamford, Connecticut"
80,Performance Food Group,Food processing,54681.0,2.5,36815.0,"Richmond, Virginia"
81,American Airlines Group,Airline,54211.0,2.7,133300.0,"Fort Worth, Texas"
82,Capital One Financial,Financials,53938.0,9.0,52600.0,"Tysons, Virginia"
83,Cisco Systems,Telecom hardware manufacturing,53803.0,-5.6,90400.0,"San Jose, California"
84,HP,Technology,53559.0,-0.3,58000.0,"Palo Alto, California"
85,Tyson Foods,Food processing,53309.0,0.8,138000.0,"Springdale, Arkansas"
86,Intel,Technology,53101.0,-2.1,108900.0,"Santa Clara, California"
87,Oracle,Technology,52961.0,6.0,159000.0,"Austin, Texas"
88,Broadcom,Technology,52432.0,46.4,37000.0,"Palo Alto, California"
89,Deere,Agriculture manufacturing,51716.0,-15.6,55524.0,"Moline, Illinois"
90,Nike,Apparel,51361.0,0.3,78400.0,"Beaverton, Oregon"
91,Liberty Mutual Insurance Group,Insurance,50429.0,-4.1,40000.0,"Boston, Massachusetts"
92,Plains GP Holdings,Petroleum,50073.0,2.8,4200.0,"Houston, Texas"
93,USAA,Insurance,48560.0,14.3,38018.0,"San Antonio, Texas"
94,Bristol-Myers Squibb,Pharmaceutical,48300.0,7.3,34100.0,"New York City, New York"
95,Ingram Micro Holding,Technology,47984.0,-0.1,26125.0,"Irvine, California"
96,General Dynamics,Aerospace and defense,47716.0,12.9,117000.0,"Reston, Virginia"
97,Coca-Cola,Beverage,47061.0,2.9,69700.0,"Atlanta, Georgia"
98,TIAA,Financials,46946.0,2.6,15623.0,"New York City, New York"
99,Travelers,Insurance,46423.0,12.2,34000.0,"New York City, New York"
100,Eli Lilly,Pharmaceutical,45043.0,32.0,47000.0,"Indianapolis, Indiana"
